Workbook

Sheet SalesData
A1: Product | B1: Jan | C1: Feb | D1: Mar | E1: Apr | F1: May
A2: Product A | B2: 120 | C2: 130 | D2: 140 | E2: 150 | F2: 160
A3: Product B | B3: 150 | C3: 160 | D3: 170 | E3: 180 | F3: 190
A4: Product C | B4: 200 | C4: 210 | D4: 220 | E4: 230 | F4: 240
A5: Product D | B5: 90 | C5: 100 | D5: 110 | E5: 120 | F5: 130
A6: Product E | B6: 220 | C6: 230 | D6: 240 | E6: 250 | F6: 260
A7: Product F | B7: 130 | C7: 140 | D7: 150 | E7: 160 | F7: 170

Sheet Exercises
A1: HLOOKUP Exercises
A2: 1. Use HLOOKUP to find the sales for Product A in March.
A3: 2. Use HLOOKUP to find the sales for Product D in May.
A4: 3. Use HLOOKUP to find the sales for Product C in February.
A5: 4. Use HLOOKUP to find the sales for each month for Product A, then calculate the total sales.
A6: 5. Use HLOOKUP to find the maximum sales value for Product B across all months.
A7: 6. Use HLOOKUP to find the minimum sales value for Product F across all months.
A8: 7. Use HLOOKUP to find the average sales value for Product E across all months.

Sheet Answers
A1: Question | B1: Formula / Calculation | C1: Expected Result
A2: 1 | B2: =HLOOKUP("Mar",SalesData!$A$1:$F$7,2,FALSE) | C2: 140
A3: 2 | B3: =HLOOKUP("May",SalesData!$A$1:$F$7,5,FALSE) | C3: 130
A4: 3 | B4: =HLOOKUP("Feb",SalesData!$A$1:$F$7,4,FALSE) | C4: 210
A5: 4 - Jan | B5: =HLOOKUP("Jan",SalesData!$A$1:$F$7,2,FALSE) | C5: 120
A6: 4 - Feb | B6: =HLOOKUP("Feb",SalesData!$A$1:$F$7,2,FALSE) | C6: 130
A7: 4 - Mar | B7: =HLOOKUP("Mar",SalesData!$A$1:$F$7,2,FALSE) | C7: 140
A8: 4 - Apr | B8: =HLOOKUP("Apr",SalesData!$A$1:$F$7,2,FALSE) | C8: 150
A9: 4 - May | B9: =HLOOKUP("May",SalesData!$A$1:$F$7,2,FALSE) | C9: 160
A10: 4 - Total | B10: =SUM(C5:C9) | C10: 700 | J10: Final Answers
A11: Q5 - Product B | B11: Jan–May values | C11: =HLOOKUP("Jan",SalesData!$A$1:$F$7,3,FALSE) | D11: =HLOOKUP("Feb",SalesData!$A$1:$F$7,3,FALSE) | E11: =HLOOKUP("Mar",SalesData!$A$1:$F$7,3,FALSE) | F11: =HLOOKUP("Apr",SalesData!$A$1:$F$7,3,FALSE) | G11: =HLOOKUP("May",SalesData!$A$1:$F$7,3,FALSE) | H11: =MAX(C11:G11) | J11: Q5 Maximum (Product B) | K11: 190
A12: Q6 - Product F | B12: Jan–May values | C12: =HLOOKUP("Jan",SalesData!$A$1:$F$7,7,FALSE) | D12: =HLOOKUP("Feb",SalesData!$A$1:$F$7,7,FALSE) | E12: =HLOOKUP("Mar",SalesData!$A$1:$F$7,7,FALSE) | F12: =HLOOKUP("Apr",SalesData!$A$1:$F$7,7,FALSE) | G12: =HLOOKUP("May",SalesData!$A$1:$F$7,7,FALSE) | H12: =MIN(C12:G12) | J12: Q6 Minimum (Product F) | K12: 130
A13: Q7 - Product E | B13: Jan–May values | C13: =HLOOKUP("Jan",SalesData!$A$1:$F$7,6,FALSE) | D13: =HLOOKUP("Feb",SalesData!$A$1:$F$7,6,FALSE) | E13: =HLOOKUP("Mar",SalesData!$A$1:$F$7,6,FALSE) | F13: =HLOOKUP("Apr",SalesData!$A$1:$F$7,6,FALSE) | G13: =HLOOKUP("May",SalesData!$A$1:$F$7,6,FALSE) | H13: =AVERAGE(C13:G13) | J13: Q7 Average (Product E) | K13: 240
A16: Note: | B16: HLOOKUP searches the top row (Jan–May) and returns the value from the specified row. FALSE is used for an exact match.
