Workbook

Sheet Products
A1: ProductID | B1: Product | C1: Price
A2: 101 | B2: Product A | C2: 120
A3: 102 | B3: Product B | C3: 150
A4: 103 | B4: Product C | C4: 200
A5: 104 | B5: Product D | C5: 90
A6: 105 | B6: Product E | C6: 220
A7: 106 | B7: Product F | C7: 130

Sheet Orders
A1: OrderID | B1: ProductID | C1: Quantity | D1: Product | E1: Price | F1: TotalPrice | G1: Original Price | H1: Discount % | I1: Discounted Price | J1: Order Value
A2: 1 | B2: 101 | C2: 2 | D2: =VLOOKUP(B2,Products!$A$2:$C$7,2,FALSE) | E2: =VLOOKUP(B2,Products!$A$2:$C$7,3,FALSE) | F2: =C2*E2 | G2: =VLOOKUP(B2,Products!$A$2:$C$7,3,FALSE) | H2: 0.1 | I2: =G2*(1-H2) | J2: =C2*VLOOKUP(B2,Products!$A$2:$C$7,3,FALSE)
A3: 2 | B3: 103 | C3: 1 | D3: =VLOOKUP(B3,Products!$A$2:$C$7,2,FALSE) | E3: =VLOOKUP(B3,Products!$A$2:$C$7,3,FALSE) | F3: =C3*E3 | G3: =VLOOKUP(B3,Products!$A$2:$C$7,3,FALSE) | H3: 0.1 | I3: =G3*(1-H3) | J3: =C3*VLOOKUP(B3,Products!$A$2:$C$7,3,FALSE)
A4: 3 | B4: 105 | C4: 4 | D4: =VLOOKUP(B4,Products!$A$2:$C$7,2,FALSE) | E4: =VLOOKUP(B4,Products!$A$2:$C$7,3,FALSE) | F4: =C4*E4 | G4: =VLOOKUP(B4,Products!$A$2:$C$7,3,FALSE) | H4: 0.1 | I4: =G4*(1-H4) | J4: =C4*VLOOKUP(B4,Products!$A$2:$C$7,3,FALSE)
A5: 4 | B5: 106 | C5: 3 | D5: =VLOOKUP(B5,Products!$A$2:$C$7,2,FALSE) | E5: =VLOOKUP(B5,Products!$A$2:$C$7,3,FALSE) | F5: =C5*E5 | G5: =VLOOKUP(B5,Products!$A$2:$C$7,3,FALSE) | H5: 0.1 | I5: =G5*(1-H5) | J5: =C5*VLOOKUP(B5,Products!$A$2:$C$7,3,FALSE)
A6: 5 | B6: 102 | C6: 5 | D6: =VLOOKUP(B6,Products!$A$2:$C$7,2,FALSE) | E6: =VLOOKUP(B6,Products!$A$2:$C$7,3,FALSE) | F6: =C6*E6 | G6: =VLOOKUP(B6,Products!$A$2:$C$7,3,FALSE) | H6: 0.1 | I6: =G6*(1-H6) | J6: =C6*VLOOKUP(B6,Products!$A$2:$C$7,3,FALSE)
A7: 6 | B7: 104 | C7: 6 | D7: =VLOOKUP(B7,Products!$A$2:$C$7,2,FALSE) | E7: =VLOOKUP(B7,Products!$A$2:$C$7,3,FALSE) | F7: =C7*E7 | G7: =VLOOKUP(B7,Products!$A$2:$C$7,3,FALSE) | H7: 0.1 | I7: =G7*(1-H7) | J7: =C7*VLOOKUP(B7,Products!$A$2:$C$7,3,FALSE)

Sheet Exercises
A1: VLOOKUP Exercises
A2: 1. Use VLOOKUP to find the product names for each ProductID in the Orders worksheet.
A3: 2. Use VLOOKUP to find the price for each ProductID in the Orders worksheet, then calculate the TotalPrice by multiplying the Quantity by the Product Price.
A4: 3. Use VLOOKUP to check if there are any ProductIDs in the Orders worksheet that do not exist in the Products worksheet.
A5: 4. Assume a discount of 10% is given on all products. Use VLOOKUP to find the original price and then calculate the discounted price.
A6: 5. Use VLOOKUP to find the price for each ProductID and then calculate the order value. Find the maximum order value from the list.
A7: 6. Use VLOOKUP to find out which products from the Products worksheet have not been ordered.
A8: 7. Use VLOOKUP to find the Product name and summarize the total quantity sold for each product.

Sheet Answers
A1: Exercise | B1: Formula / Method | C1: Result
A2: 1 | B2: =VLOOKUP(B2,Products!$A$2:$C$7,2,FALSE) | C2: Product A, C, E, F, B, D
A3: 2 | B3: =C2*VLOOKUP(B2,Products!$A$2:$C$7,3,FALSE) | C3: TotalPrice: 240, 200, 880, 390, 750, 540
A4: 3 | B4: =IFERROR(VLOOKUP(B2,Products!$A$2:$C$7,2,FALSE),"Not Found") | C4: No missing ProductIDs
A5: 4 | B5: =VLOOKUP(B2,Products!$A$2:$C$7,3,FALSE)*(1-10%) | C5: Discounted prices: 108, 180, 198, 117, 135, 81
A6: 5 | B6: =C2*VLOOKUP(B2,Products!$A$2:$C$7,3,FALSE) | C6: Maximum order value = 880
A7: 6 | B7: =IF(COUNTIF(Orders!$B$2:$B$7,A2)=0,"Not Ordered","Ordered") | C7: All 6 products have been ordered
A8: 7 | B8: =VLOOKUP(A12,Products!$A$2:$C$7,2,FALSE) | C8: A=2, B=5, C=1, D=6, E=4, F=3
A10: ProductID | B10: Product Name | C10: Total Quantity Sold
E11: Maximum Order Value | F11: =MAX(Orders!J2:J7)
A12: 101 | B12: =VLOOKUP(A12,Products!$A$2:$C$7,2,FALSE) | C12: =SUMIF(Orders!$B$2:$B$7,A12,Orders!$C$2:$C$7) | E12: Missing Products | F12: None
A13: 102 | B13: =VLOOKUP(A13,Products!$A$2:$C$7,2,FALSE) | C13: =SUMIF(Orders!$B$2:$B$7,A13,Orders!$C$2:$C$7)
A14: 103 | B14: =VLOOKUP(A14,Products!$A$2:$C$7,2,FALSE) | C14: =SUMIF(Orders!$B$2:$B$7,A14,Orders!$C$2:$C$7)
A15: 104 | B15: =VLOOKUP(A15,Products!$A$2:$C$7,2,FALSE) | C15: =SUMIF(Orders!$B$2:$B$7,A15,Orders!$C$2:$C$7)
A16: 105 | B16: =VLOOKUP(A16,Products!$A$2:$C$7,2,FALSE) | C16: =SUMIF(Orders!$B$2:$B$7,A16,Orders!$C$2:$C$7)
A17: 106 | B17: =VLOOKUP(A17,Products!$A$2:$C$7,2,FALSE) | C17: =SUMIF(Orders!$B$2:$B$7,A17,Orders!$C$2:$C$7)
